Carrier Name,Date,Average Carrier Delay,Flight Count
Regression Best Fit,2003-06-01,2.1197701693575612,1
Regression Best Fit,2003-07-01,2.1572450581610365,1
Regression Best Fit,2003-08-01,2.194719946964512,1
Regression Best Fit,2003-09-01,2.232194835767987,1
Regression Best Fit,2003-10-01,2.2696697245714628,1
Regression Best Fit,2003-11-01,2.307144613374938,1
Regression Best Fit,2003-12-01,2.3446195021784133,1
Regression Best Fit,2004-01-01,2.3820943909818886,1
Regression Best Fit,2004-02-01,2.419569279785364,1
Regression Best Fit,2004-03-01,2.457044168588839,1
Regression Best Fit,2004-04-01,2.4945190573923144,1
Regression Best Fit,2004-05-01,2.53199394619579,1
Regression Best Fit,2004-06-01,2.5694688349992654,1
Regression Best Fit,2004-07-01,2.6069437238027406,1
Regression Best Fit,2004-08-01,2.644418612606216,1
Regression Best Fit,2004-09-01,2.681893501409691,1
Regression Best Fit,2004-10-01,2.719368390213167,1
Regression Best Fit,2004-11-01,2.756843279016642,1
Regression Best Fit,2004-12-01,2.7943181678201174,1
Regression Best Fit,2005-01-01,2.8317930566235927,1
Regression Best Fit,2005-02-01,2.869267945427068,1
Regression Best Fit,2005-03-01,2.9067428342305432,1
Regression Best Fit,2005-04-01,2.9442177230340185,1
Regression Best Fit,2005-05-01,2.9816926118374942,1
Regression Best Fit,2005-06-01,3.0191675006409695,1
Regression Best Fit,2005-07-01,3.0566423894444448,1
Regression Best Fit,2005-08-01,3.09411727824792,1
Regression Best Fit,2005-09-01,3.1315921670513953,1
Regression Best Fit,2005-10-01,3.169067055854871,1
Regression Best Fit,2005-11-01,3.206541944658346,1
Regression Best Fit,2005-12-01,3.2440168334618216,1
Regression Best Fit,2006-01-01,3.281491722265297,1
Regression Best Fit,2006-02-01,3.318966611068772,1
Regression Best Fit,2006-03-01,3.3564414998722474,1
Regression Best Fit,2006-04-01,3.3939163886757227,1
Regression Best Fit,2006-05-01,3.4313912774791984,1
Regression Best Fit,2006-06-01,3.468866166282673,1
Regression Best Fit,2006-07-01,3.506341055086149,1
Regression Best Fit,2006-08-01,3.543815943889624,1
Regression Best Fit,2006-09-01,3.5812908326930994,1
Regression Best Fit,2006-10-01,3.6187657214965747,1
Regression Best Fit,2006-11-01,3.65624061030005,1
Regression Best Fit,2006-12-01,3.6937154991035257,1
Regression Best Fit,2007-01-01,3.7311903879070005,1
Regression Best Fit,2007-02-01,3.7686652767104762,1
Regression Best Fit,2007-03-01,3.8061401655139515,1
Regression Best Fit,2007-04-01,3.843615054317427,1
Regression Best Fit,2007-05-01,3.8810899431209025,1
Regression Best Fit,2007-06-01,3.9185648319243773,1
Regression Best Fit,2007-07-01,3.956039720727853,1
Regression Best Fit,2007-08-01,3.9935146095313283,1
Regression Best Fit,2007-09-01,4.030989498334804,1
Regression Best Fit,2007-10-01,4.068464387138279,1
Regression Best Fit,2007-11-01,4.105939275941754,1
Regression Best Fit,2007-12-01,4.143414164745229,1
Alaska Airlines,2003-06-01,3.047200111716241,14322
Alaska Airlines,2003-07-01,3.037201991092481,15268
Alaska Airlines,2003-08-01,3.6223973727422005,15225
Alaska Airlines,2003-09-01,2.0587568914734535,13241
Alaska Airlines,2003-10-01,2.943003618817853,13264
Alaska Airlines,2003-11-01,3.2834487200128804,12422
Alaska Airlines,2003-12-01,3.45566821681787,13117
Alaska Airlines,2004-01-01,3.985728266188224,12262
Alaska Airlines,2004-02-01,2.9071212492846046,12231
Alaska Airlines,2004-03-01,3.0736802973977695,13450
Alaska Airlines,2004-04-01,2.4562804136253042,13152
Alaska Airlines,2004-05-01,2.8075716526450876,14026
Alaska Airlines,2004-06-01,4.655508300178351,14578
Alaska Airlines,2004-07-01,4.053596889176928,15430
Alaska Airlines,2004-08-01,4.390594510212046,15374
Alaska Airlines,2004-09-01,3.3043829381102707,13621
Alaska Airlines,2004-10-01,3.362039576076484,13493
Alaska Airlines,2004-11-01,5.536281089617055,12665
Alaska Airlines,2004-12-01,8.195168711656441,13040
Alaska Airlines,2005-01-01,5.221307619943556,12756
Alaska Airlines,2005-02-01,5.311574468085106,11750
Alaska Airlines,2005-03-01,5.963872056454706,13037
Alaska Airlines,2005-04-01,5.447231764799872,12517
Alaska Airlines,2005-05-01,9.786474589835935,12495
Alaska Airlines,2005-06-01,11.369550587003664,13373
Alaska Airlines,2005-07-01,7.808552539035026,14218
Alaska Airlines,2005-08-01,6.594630683814745,14229
Alaska Airlines,2005-09-01,4.217180650619088,13003
Alaska Airlines,2005-10-01,3.4522263805086686,13093
Alaska Airlines,2005-11-01,4.642263166476439,12266
Alaska Airlines,2005-12-01,5.9832718133982565,12733
Alaska Airlines,2006-01-01,4.881813103503312,12531
Alaska Airlines,2006-02-01,5.026630339251186,11378
Alaska Airlines,2006-03-01,4.481547388781431,12925
Alaska Airlines,2006-04-01,3.908572334019965,12622
Alaska Airlines,2006-05-01,3.16516157922233,13399
Alaska Airlines,2006-06-01,3.6602046699336985,13876
Alaska Airlines,2006-07-01,4.6678869931615665,14477
Alaska Airlines,2006-08-01,4.067974483846629,14579
Alaska Airlines,2006-09-01,3.5623384521818457,13154
Alaska Airlines,2006-10-01,3.286985624096752,13147
Alaska Airlines,2006-11-01,4.513604052618678,12239
Alaska Airlines,2006-12-01,5.493002293033921,12647
Alaska Airlines,2007-01-01,4.64548306652723,12431
Alaska Airlines,2007-02-01,4.658876874782002,11468
Alaska Airlines,2007-03-01,5.069429155527598,12718
Alaska Airlines,2007-04-01,3.785431512272367,12630
Alaska Airlines,2007-05-01,4.18889286993909,13955
Alaska Airlines,2007-06-01,5.227654914152477,14153
Alaska Airlines,2007-07-01,5.199958954713367,14618
Alaska Airlines,2007-08-01,5.791169368747844,14495
Alaska Airlines,2007-09-01,4.069976573717222,13233
Alaska Airlines,2007-10-01,4.103855531850046,13124
Alaska Airlines,2007-11-01,3.614758144126357,12156
Alaska Airlines,2007-12-01,4.311051340874931,12641
American Airlines,2003-06-01,2.870907738095238,61824
American Airlines,2003-07-01,3.83290035257005,64668
American Airlines,2003-08-01,3.9777565438055107,63839
American Airlines,2003-09-01,1.9304447929527178,59938
American Airlines,2003-10-01,1.955340670526115,62876
American Airlines,2003-11-01,2.336631718077411,55987
American Airlines,2003-12-01,3.074921815569267,59155
American Airlines,2004-01-01,3.784496441554452,58593
American Airlines,2004-02-01,2.7060509440045855,55826
American Airlines,2004-03-01,2.5144568291465648,60110
American Airlines,2004-04-01,2.1375115967426037,58206
American Airlines,2004-05-01,2.717159824783143,57757
American Airlines,2004-06-01,3.91378234029271,57668
American Airlines,2004-07-01,4.268427612819506,58567
American Airlines,2004-08-01,4.444270363243133,58721
American Airlines,2004-09-01,1.9385209839703126,52278
American Airlines,2004-10-01,2.0730665147414897,56168
American Airlines,2004-11-01,2.3924633024172937,54772
American Airlines,2004-12-01,3.6663709116214336,57480
American Airlines,2005-01-01,3.7875324488029998,55472
American Airlines,2005-02-01,2.6523386642311655,51461
American Airlines,2005-03-01,3.0027244667459865,57993
American Airlines,2005-04-01,2.2441035820626185,55415
American Airlines,2005-05-01,2.2669591156343216,56990
American Airlines,2005-06-01,3.874766486905643,56742
American Airlines,2005-07-01,4.90629137948596,58906
American Airlines,2005-08-01,3.578367438722734,57811
American Airlines,2005-09-01,2.519592759321519,52647
American Airlines,2005-10-01,2.2294117647058824,53210
American Airlines,2005-11-01,2.5475600135241745,53238
American Airlines,2005-12-01,3.8932544685900763,53932
American Airlines,2006-01-01,2.8235130936529074,54072
American Airlines,2006-02-01,3.284578565705951,48679
American Airlines,2006-03-01,3.5754737451178937,55304
American Airlines,2006-04-01,3.191851712457659,53140
American Airlines,2006-05-01,3.4114190828969218,54803
American Airlines,2006-06-01,3.782960012026458,53216
American Airlines,2006-07-01,4.095705476027334,53999
American Airlines,2006-08-01,3.4590109708363195,54417
American Airlines,2006-09-01,3.0817271688147887,50742
American Airlines,2006-10-01,2.8397214526962924,52702
American Airlines,2006-11-01,2.8478026583642677,50106
American Airlines,2006-12-01,4.655345190284949,52290
American Airlines,2007-01-01,4.129804950382114,52602
American Airlines,2007-02-01,4.7195916174099946,46525
American Airlines,2007-03-01,4.28233723248204,53174
American Airlines,2007-04-01,4.1150407468945325,50556
American Airlines,2007-05-01,3.5244382717223797,52561
American Airlines,2007-06-01,5.629165752577731,50141
American Airlines,2007-07-01,5.274593815762034,52747
American Airlines,2007-08-01,4.842453955213992,52829
American Airlines,2007-09-01,3.460762710182042,50373
American Airlines,2007-10-01,3.342140550340894,52949
American Airlines,2007-11-01,3.6304356404387974,50684
American Airlines,2007-12-01,5.7272405103165855,50792
American Eagle,2003-06-01,2.775143970682334,34382
American Eagle,2003-07-01,2.9869169510807736,35160
American Eagle,2003-08-01,2.8050477684300583,35065
American Eagle,2003-09-01,2.1070585836222215,34327
American Eagle,2003-10-01,2.0256992522846855,36110
American Eagle,2003-11-01,2.7329661960278866,34138
American Eagle,2003-12-01,3.445634855227735,36402
American Eagle,2004-01-01,3.4029892443078644,35795
American Eagle,2004-02-01,2.739075582062163,34876
American Eagle,2004-03-01,3.14373080658285,38099
American Eagle,2004-04-01,2.6059591388285765,38227
American Eagle,2004-05-01,3.289695415532761,38216
American Eagle,2004-06-01,4.1999268910415415,38299
American Eagle,2004-07-01,4.226167425252093,39767
American Eagle,2004-08-01,3.7725086927572686,40551
American Eagle,2004-09-01,2.371538422877821,39794
American Eagle,2004-10-01,2.375457121406602,41291
American Eagle,2004-11-01,3.056173766901785,39271
American Eagle,2004-12-01,3.62531922655965,41115
American Eagle,2005-01-01,3.756780490252653,39857
American Eagle,2005-02-01,2.454362623762376,38784
American Eagle,2005-03-01,2.621241379310345,43500
American Eagle,2005-04-01,2.466079315743965,42791
American Eagle,2005-05-01,2.496477931341953,44860
American Eagle,2005-06-01,3.251054272093876,43632
American Eagle,2005-07-01,3.550007975753709,43883
American Eagle,2005-08-01,3.2649046237011765,45137
American Eagle,2005-09-01,2.4125527450483064,43369
American Eagle,2005-10-01,2.2900569981000634,44212
American Eagle,2005-11-01,3.0218739643009327,42242
American Eagle,2005-12-01,3.851553964527302,43019
American Eagle,2006-01-01,2.703795322842942,43659
American Eagle,2006-02-01,2.883515923566879,39250
American Eagle,2006-03-01,3.227460749137281,43757
American Eagle,2006-04-01,3.3006948973396,44467
American Eagle,2006-05-01,3.722716178521618,45888
American Eagle,2006-06-01,4.441434797184043,44745
American Eagle,2006-07-01,3.9809459518313663,45922
American Eagle,2006-08-01,3.4193881280502225,46513
American Eagle,2006-09-01,3.39977103606182,43675
American Eagle,2006-10-01,3.4560074018592766,45394
American Eagle,2006-11-01,2.806585127656606,43006
American Eagle,2006-12-01,4.206403176486696,43822
American Eagle,2007-01-01,3.3640512631384842,43384
American Eagle,2007-02-01,4.323305517042928,38227
American Eagle,2007-03-01,3.344332987432261,43365
American Eagle,2007-04-01,3.051545900624077,41982
American Eagle,2007-05-01,3.399325358957857,45061
American Eagle,2007-06-01,4.792209635077928,42283
American Eagle,2007-07-01,4.741916743011641,44753
American Eagle,2007-08-01,4.784270902272226,45330
American Eagle,2007-09-01,2.8114761578827285,43830
American Eagle,2007-10-01,2.8252328385284162,45203
American Eagle,2007-11-01,3.1001680594884546,43437
American Eagle,2007-12-01,6.190442382549514,40847
Atlantic Southeast Airlines,2003-06-01,4.550833561082263,21954
Atlantic Southeast Airlines,2003-07-01,6.105467665834027,21618
Atlantic Southeast Airlines,2003-08-01,4.3529245283018865,21200
Atlantic Southeast Airlines,2003-09-01,2.8028543444802017,21441
Atlantic Southeast Airlines,2003-10-01,2.5915443592552028,22825
Atlantic Southeast Airlines,2003-11-01,2.3726691042047534,21880
Atlantic Southeast Airlines,2003-12-01,3.486517702456577,22511
Atlantic Southeast Airlines,2004-01-01,2.66600790513834,22264
Atlantic Southeast Airlines,2004-02-01,2.9095867106974884,19986
Atlantic Southeast Airlines,2004-03-01,2.0938142915923743,21873
Atlantic Southeast Airlines,2004-04-01,2.2961826549950364,22162
Atlantic Southeast Airlines,2004-05-01,2.828227424749164,22425
Atlantic Southeast Airlines,2004-06-01,4.449694070018862,21737
Atlantic Southeast Airlines,2004-07-01,5.038242542704173,23534
Atlantic Southeast Airlines,2004-08-01,3.181243722798795,23896
Atlantic Southeast Airlines,2004-09-01,3.042456406368461,22423
Atlantic Southeast Airlines,2004-10-01,3.7465424309530775,23933
Atlantic Southeast Airlines,2004-11-01,4.5190392751827,23399
Atlantic Southeast Airlines,2004-12-01,5.0886984421834764,23687
Atlantic Southeast Airlines,2005-01-01,5.140383941093969,22816
Atlantic Southeast Airlines,2005-02-01,5.663746821135914,21234
Atlantic Southeast Airlines,2005-03-01,5.152676987582648,24804
Atlantic Southeast Airlines,2005-04-01,4.633327863472267,24376
Atlantic Southeast Airlines,2005-05-01,4.527904238618524,25480
Atlantic Southeast Airlines,2005-06-01,5.711670299187636,25235
Atlantic Southeast Airlines,2005-07-01,6.549012538557064,24963
Atlantic Southeast Airlines,2005-08-01,6.8097930702598655,24936
Atlantic Southeast Airlines,2005-09-01,5.4814575422153995,24754
Atlantic Southeast Airlines,2005-10-01,4.837348213934845,25447
Atlantic Southeast Airlines,2005-11-01,4.771604431678293,24370
Atlantic Southeast Airlines,2005-12-01,6.753806197384918,22332
Atlantic Southeast Airlines,2006-01-01,5.173772011121408,21580
Atlantic Southeast Airlines,2006-02-01,5.316604196076522,20543
Atlantic Southeast Airlines,2006-03-01,4.991844840699738,23666
Atlantic Southeast Airlines,2006-04-01,4.920973598099422,22309
Atlantic Southeast Airlines,2006-05-01,5.186940852236591,23585
Atlantic Southeast Airlines,2006-06-01,7.963712427811378,21991
Atlantic Southeast Airlines,2006-07-01,10.394129357448431,23609
Atlantic Southeast Airlines,2006-08-01,9.611671654553227,23390
Atlantic Southeast Airlines,2006-09-01,8.981825012915042,21293
Atlantic Southeast Airlines,2006-10-01,8.866188076871628,22427
Atlantic Southeast Airlines,2006-11-01,7.7728728589332965,21543
Atlantic Southeast Airlines,2006-12-01,8.53412651782217,20424
Atlantic Southeast Airlines,2007-01-01,7.574134976145259,21589
Atlantic Southeast Airlines,2007-02-01,11.316909127142289,20072
Atlantic Southeast Airlines,2007-03-01,9.6015279625735,23299
Atlantic Southeast Airlines,2007-04-01,8.268956092399929,22684
Atlantic Southeast Airlines,2007-05-01,5.4964688657307725,23222
Atlantic Southeast Airlines,2007-06-01,11.185532763059546,24082
Atlantic Southeast Airlines,2007-07-01,12.373458554512046,24490
Atlantic Southeast Airlines,2007-08-01,13.518540765657537,24972
Atlantic Southeast Airlines,2007-09-01,13.7418420457117,22095
Atlantic Southeast Airlines,2007-10-01,10.649069843342037,24512
Atlantic Southeast Airlines,2007-11-01,7.5658227305830446,23343
Atlantic Southeast Airlines,2007-12-01,10.952470157706717,22954
Delta Air Lines,2003-06-01,2.0729262305832976,53369
Delta Air Lines,2003-07-01,2.501322148262971,54835
Delta Air Lines,2003-08-01,2.791216106802929,55579
Delta Air Lines,2003-09-01,1.4487198710499682,53354
Delta Air Lines,2003-10-01,1.6055217344868098,56178
Delta Air Lines,2003-11-01,1.5802851369139213,53939
Delta Air Lines,2003-12-01,2.900091741468943,55591
Delta Air Lines,2004-01-01,2.2343006488824804,55480
Delta Air Lines,2004-02-01,2.989873607621048,53326
Delta Air Lines,2004-03-01,1.6582484376337643,58405
Delta Air Lines,2004-04-01,1.6491987264059669,56847
Delta Air Lines,2004-05-01,2.859723973537388,57893
Delta Air Lines,2004-06-01,3.8699018920812893,57080
Delta Air Lines,2004-07-01,3.316326002587322,57975
Delta Air Lines,2004-08-01,2.9272746081828998,57999
Delta Air Lines,2004-09-01,2.6857279054247307,52445
Delta Air Lines,2004-10-01,2.2567944915621694,57657
Delta Air Lines,2004-11-01,2.775419679402802,55459
Delta Air Lines,2004-12-01,4.004258717061485,56355
Delta Air Lines,2005-01-01,3.2785681589306965,54615
Delta Air Lines,2005-02-01,2.37568506511602,53827
Delta Air Lines,2005-03-01,3.0876900259547644,59334
Delta Air Lines,2005-04-01,2.2167301715509824,56951
Delta Air Lines,2005-05-01,2.063666941241076,58272
Delta Air Lines,2005-06-01,3.1659252829915734,55302
Delta Air Lines,2005-07-01,4.965505579979709,56183
Delta Air Lines,2005-08-01,3.8704937547749765,56283
Delta Air Lines,2005-09-01,1.9639258069227399,47929
Delta Air Lines,2005-10-01,1.9740900431164143,49865
Delta Air Lines,2005-11-01,2.559941736505457,47371
Delta Air Lines,2005-12-01,3.330742176124017,44639
Delta Air Lines,2006-01-01,3.1179021455329776,44045
Delta Air Lines,2006-02-01,2.547571777642028,39288
Delta Air Lines,2006-03-01,2.481246406298377,45218
Delta Air Lines,2006-04-01,2.346973954520768,42349
Delta Air Lines,2006-05-01,2.182675337862341,41363
Delta Air Lines,2006-06-01,4.395588948133786,41260
Delta Air Lines,2006-07-01,3.5895094752359893,42057
Delta Air Lines,2006-08-01,3.7898361657617,42543
Delta Air Lines,2006-09-01,3.674813375600777,39116
Delta Air Lines,2006-10-01,4.065788519637462,41375
Delta Air Lines,2006-11-01,2.7167199680191887,40024
Delta Air Lines,2006-12-01,2.699418911780243,39753
Delta Air Lines,2007-01-01,2.6810289056232692,38643
Delta Air Lines,2007-02-01,3.1367304588425178,34696
Delta Air Lines,2007-03-01,2.745488349033218,40340
Delta Air Lines,2007-04-01,2.6462130469826577,38461
Delta Air Lines,2007-05-01,1.9730346993330046,38531
Delta Air Lines,2007-06-01,5.176637096570374,39567
Delta Air Lines,2007-07-01,5.49586393694639,40981
Delta Air Lines,2007-08-01,4.855066838108639,41219
Delta Air Lines,2007-09-01,2.485096116429294,38547
Delta Air Lines,2007-10-01,2.3441731111707447,40991
Delta Air Lines,2007-11-01,1.8712128966223132,39080
Delta Air Lines,2007-12-01,3.495484443516392,38312
Frontier Airlines,2005-05-01,2.2374181179102095,6259
Frontier Airlines,2005-06-01,1.9150663544106168,6405
Frontier Airlines,2005-07-01,2.4425513939735284,7102
Frontier Airlines,2005-08-01,1.801473775465973,6921
Frontier Airlines,2005-09-01,1.108182653999387,6526
Frontier Airlines,2005-10-01,1.9319982065461068,6691
Frontier Airlines,2005-11-01,1.664833438089252,6364
Frontier Airlines,2005-12-01,4.245596007046388,6812
Frontier Airlines,2006-01-01,2.1943231441048034,6870
Frontier Airlines,2006-02-01,2.6357658380112268,6235
Frontier Airlines,2006-03-01,2.982142857142857,7000
Frontier Airlines,2006-04-01,1.8352975411028662,6873
Frontier Airlines,2006-05-01,1.7999219968798752,7692
Frontier Airlines,2006-06-01,2.418048844194854,7657
Frontier Airlines,2006-07-01,2.447804524011129,8267
Frontier Airlines,2006-08-01,1.8078853046594983,8370
Frontier Airlines,2006-09-01,1.3537956296576987,7917
Frontier Airlines,2006-10-01,1.8301417557821438,8042
Frontier Airlines,2006-11-01,1.6074653011723488,7421
Frontier Airlines,2006-12-01,2.12732516222062,6935
Frontier Airlines,2007-01-01,2.863454849929151,7763
Frontier Airlines,2007-02-01,3.2503173036243127,7091
Frontier Airlines,2007-03-01,2.264866204162537,8072
Frontier Airlines,2007-04-01,1.9863728986245544,7852
Frontier Airlines,2007-05-01,3.3654434250764527,8502
Frontier Airlines,2007-06-01,3.6813872554902196,8333
Frontier Airlines,2007-07-01,3.3701032071912107,9011
Frontier Airlines,2007-08-01,3.1452991452991452,8775
Frontier Airlines,2007-09-01,1.6333796237848757,7921
Frontier Airlines,2007-10-01,1.7154422426292895,8276
Frontier Airlines,2007-11-01,1.8427753023551878,7855
Frontier Airlines,2007-12-01,5.214637846037164,7911
Hawaiian Airlines,2003-11-01,1.6738903394255875,3830
Hawaiian Airlines,2003-12-01,3.0373360242179617,3964
Hawaiian Airlines,2004-01-01,2.7234484549467672,3851
Hawaiian Airlines,2004-02-01,2.327311943920194,3709
Hawaiian Airlines,2004-03-01,2.4353320118929633,4036
Hawaiian Airlines,2004-04-01,1.8887468030690537,3910
Hawaiian Airlines,2004-05-01,1.655241935483871,3968
Hawaiian Airlines,2004-06-01,1.8929516478229493,4157
Hawaiian Airlines,2004-07-01,1.1394772420009014,4438
Hawaiian Airlines,2004-08-01,1.148314606741573,4450
Hawaiian Airlines,2004-09-01,1.1092392734930245,3799
Hawaiian Airlines,2004-10-01,1.101272396780057,3851
Hawaiian Airlines,2004-11-01,2.04568259836282,3787
Hawaiian Airlines,2004-12-01,1.9388734528921445,3959
Hawaiian Airlines,2005-01-01,2.3990273867417455,3907
Hawaiian Airlines,2005-02-01,0.9603040540540541,3552
Hawaiian Airlines,2005-03-01,2.26309067688378,3915
Hawaiian Airlines,2005-04-01,1.5087538619979404,3884
Hawaiian Airlines,2005-05-01,1.174433092449539,4013
Hawaiian Airlines,2005-06-01,1.645434729958828,4129
Hawaiian Airlines,2005-07-01,1.4090081892629662,4396
Hawaiian Airlines,2005-08-01,1.134733957524549,4379
Hawaiian Airlines,2005-09-01,1.4288967611336032,3952
Hawaiian Airlines,2005-10-01,1.7403822288409034,4029
Hawaiian Airlines,2005-11-01,1.2725636410388275,3889
Hawaiian Airlines,2005-12-01,1.948636028508233,4069
Hawaiian Airlines,2006-01-01,1.1152173913043477,4140
Hawaiian Airlines,2006-02-01,2.1915462814339217,3738
Hawaiian Airlines,2006-03-01,1.8794772507260407,4132
Hawaiian Airlines,2006-04-01,1.6023435552231364,4011
Hawaiian Airlines,2006-05-01,1.1235736829327507,4119
Hawaiian Airlines,2006-06-01,1.2260553790285973,4406
Hawaiian Airlines,2006-07-01,1.1369834277323263,4767
Hawaiian Airlines,2006-08-01,1.1342621912602913,4737
Hawaiian Airlines,2006-09-01,2.0962065813528334,4376
Hawaiian Airlines,2006-10-01,5.361744966442953,4470
Hawaiian Airlines,2006-11-01,2.176937018577254,4414
Hawaiian Airlines,2006-12-01,4.540997830802603,4610
Hawaiian Airlines,2007-01-01,3.8327911515940145,4611
Hawaiian Airlines,2007-02-01,2.756132756132756,4158
Hawaiian Airlines,2007-03-01,2.110422896198206,4682
Hawaiian Airlines,2007-04-01,2.165788317962231,4554
Hawaiian Airlines,2007-05-01,2.1816052799659356,4697
Hawaiian Airlines,2007-06-01,2.7761567319716547,4798
Hawaiian Airlines,2007-07-01,2.026650755767701,5028
Hawaiian Airlines,2007-08-01,1.8907125700560448,4996
Hawaiian Airlines,2007-09-01,2.233128834355828,4564
Hawaiian Airlines,2007-10-01,2.602299340004258,4697
Hawaiian Airlines,2007-11-01,2.2511638217690093,4511
Hawaiian Airlines,2007-12-01,2.136177547942254,4641
JetBlue Airways,2003-06-01,5.0383156297420335,5272
JetBlue Airways,2003-07-01,1.3027915738996403,5839
JetBlue Airways,2003-08-01,5.18673976357718,5837
JetBlue Airways,2003-09-01,0.8873521383075523,5495
JetBlue Airways,2003-10-01,1.0954662104362702,5845
JetBlue Airways,2003-11-01,1.0157760814249364,5895
JetBlue Airways,2003-12-01,2.0027872406317746,6458
JetBlue Airways,2004-01-01,2.4199704142011833,6760
JetBlue Airways,2004-02-01,0.9883911296323857,6719
JetBlue Airways,2004-03-01,1.6116544417277914,7362
JetBlue Airways,2004-04-01,1.1422222222222222,7425
JetBlue Airways,2004-05-01,1.2919678167189417,7333
JetBlue Airways,2004-06-01,1.3289799285125103,7274
JetBlue Airways,2004-07-01,1.9321067634102098,7718
JetBlue Airways,2004-08-01,2.358368821783456,7749
JetBlue Airways,2004-09-01,1.1655920281359906,6824
JetBlue Airways,2004-10-01,1.155275550464554,7857
JetBlue Airways,2004-11-01,1.2327827191867853,7870
JetBlue Airways,2004-12-01,3.76280834914611,8432
JetBlue Airways,2005-01-01,4.574033552151714,8226
JetBlue Airways,2005-02-01,2.3763578274760384,7825
JetBlue Airways,2005-03-01,3.3402876907873065,9107
JetBlue Airways,2005-04-01,1.9433572515764297,9198
JetBlue Airways,2005-05-01,1.203955500618047,8899
JetBlue Airways,2005-06-01,2.573598919648886,8886
JetBlue Airways,2005-07-01,3.7482892936098535,9499
JetBlue Airways,2005-08-01,2.1762419913874593,9521
JetBlue Airways,2005-09-01,1.387378980520238,8573
JetBlue Airways,2005-10-01,1.6853353792196406,9124
JetBlue Airways,2005-11-01,1.8928712091374558,10156
JetBlue Airways,2005-12-01,3.634104772156441,11148
JetBlue Airways,2006-01-01,2.8808638054622993,11021
JetBlue Airways,2006-02-01,4.47829869502175,10345
JetBlue Airways,2006-03-01,1.8626484608548113,12377
JetBlue Airways,2006-04-01,1.2536896689270043,12535
JetBlue Airways,2006-05-01,1.7282337273181287,12014
JetBlue Airways,2006-06-01,2.7341335087142387,12164
JetBlue Airways,2006-07-01,3.1506630915283718,13799
JetBlue Airways,2006-08-01,2.7555978031263204,14202
JetBlue Airways,2006-09-01,2.3902364138778016,13028
JetBlue Airways,2006-10-01,2.121589518393204,13891
JetBlue Airways,2006-11-01,2.480614739783444,14315
JetBlue Airways,2006-12-01,3.2967754518268104,15382
JetBlue Airways,2007-01-01,2.8125163142782563,15324
JetBlue Airways,2007-02-01,5.238712121212121,13200
JetBlue Airways,2007-03-01,3.540568954854669,16170
JetBlue Airways,2007-04-01,3.1424694708276797,16214
JetBlue Airways,2007-05-01,1.8505122043758695,15814
JetBlue Airways,2007-06-01,3.5287824089268134,15235
JetBlue Airways,2007-07-01,3.4437778327560613,16168
JetBlue Airways,2007-08-01,3.2680768531426145,16499
JetBlue Airways,2007-09-01,1.3831246670218433,15016
JetBlue Airways,2007-10-01,2.1293880994095127,15411
JetBlue Airways,2007-11-01,2.004739927653736,16034
JetBlue Airways,2007-12-01,3.827499249474632,16655
Mesa Airlines,2006-01-01,5.039054385308903,24069
Mesa Airlines,2006-02-01,3.9628746906224217,21818
Mesa Airlines,2006-03-01,4.211272115923465,24982
Mesa Airlines,2006-04-01,4.170123082110942,23724
Mesa Airlines,2006-05-01,4.517357083678542,24140
Mesa Airlines,2006-06-01,9.525301706200583,24030
Mesa Airlines,2006-07-01,9.92021866279292,26159
Mesa Airlines,2006-08-01,7.186278126152711,27110
Mesa Airlines,2006-09-01,6.8736277042299,24776
Mesa Airlines,2006-10-01,6.302757031622438,25172
Mesa Airlines,2006-11-01,5.150238765764663,24501
Mesa Airlines,2006-12-01,6.297425118234367,24739
Mesa Airlines,2007-01-01,5.620366323652112,25169
Mesa Airlines,2007-02-01,8.350429312640617,21779
Mesa Airlines,2007-03-01,6.378625176359931,25516
Mesa Airlines,2007-04-01,5.579651398459667,24670
Mesa Airlines,2007-05-01,4.270976776753414,25707
Mesa Airlines,2007-06-01,6.859390526664458,24152
Mesa Airlines,2007-07-01,6.172529940119761,24048
Mesa Airlines,2007-08-01,6.3017442830913035,23964
Mesa Airlines,2007-09-01,3.8352957221439286,21997
Mesa Airlines,2007-10-01,5.361054587277714,22606
Mesa Airlines,2007-11-01,5.675225506832187,22394
Mesa Airlines,2007-12-01,11.664072509846724,21073
SkyWest Airlines,2003-06-01,1.666981310175571,31782
SkyWest Airlines,2003-07-01,1.7961880787557314,33369
SkyWest Airlines,2003-08-01,2.035316743399965,34318
SkyWest Airlines,2003-09-01,1.4889510989338257,33578
SkyWest Airlines,2003-10-01,2.253925112042793,34585
SkyWest Airlines,2003-11-01,2.9409915072438215,34029
SkyWest Airlines,2003-12-01,4.754158122579176,35112
SkyWest Airlines,2004-01-01,4.660451785004824,35238
SkyWest Airlines,2004-02-01,3.8074234898730035,33623
SkyWest Airlines,2004-03-01,2.2853886989632843,35979
SkyWest Airlines,2004-04-01,2.2872273429896377,34934
SkyWest Airlines,2004-05-01,2.460437874773393,35855
SkyWest Airlines,2004-06-01,3.1663471663471663,37037
SkyWest Airlines,2004-07-01,2.8054854114058556,39997
SkyWest Airlines,2004-08-01,2.3677840075077605,41557
SkyWest Airlines,2004-09-01,2.1992133041226847,40168
SkyWest Airlines,2004-10-01,3.1109315705716734,40845
SkyWest Airlines,2004-11-01,3.261711398148864,38787
SkyWest Airlines,2004-12-01,5.5979971748562205,39644
SkyWest Airlines,2005-01-01,4.981423991042801,39298
SkyWest Airlines,2005-02-01,3.700674692419632,37795
SkyWest Airlines,2005-03-01,3.6580356939347665,43873
SkyWest Airlines,2005-04-01,2.849053909318101,42015
SkyWest Airlines,2005-05-01,2.6488837478311162,43225
SkyWest Airlines,2005-06-01,3.903596146651702,42768
SkyWest Airlines,2005-07-01,3.761744579867751,43403
SkyWest Airlines,2005-08-01,3.561205737337517,44620
SkyWest Airlines,2005-09-01,2.6280467681863184,42422
SkyWest Airlines,2005-10-01,2.881580728109352,44334
SkyWest Airlines,2005-11-01,3.9026481774586,42331
SkyWest Airlines,2005-12-01,7.222640243464092,41731
SkyWest Airlines,2006-01-01,4.609535747227018,42283
SkyWest Airlines,2006-02-01,5.362516720086818,39623
SkyWest Airlines,2006-03-01,5.7924044476866285,45237
SkyWest Airlines,2006-04-01,4.29205420599191,43759
SkyWest Airlines,2006-05-01,3.636674559326493,45612
SkyWest Airlines,2006-06-01,4.113704473367604,45715
SkyWest Airlines,2006-07-01,4.1531330399098465,47031
SkyWest Airlines,2006-08-01,4.151945541642155,47596
SkyWest Airlines,2006-09-01,4.243997199069368,44271
SkyWest Airlines,2006-10-01,5.461022650328725,45783
SkyWest Airlines,2006-11-01,4.583486154410417,43624
SkyWest Airlines,2006-12-01,7.615702756477611,44731
SkyWest Airlines,2007-01-01,6.998326539369234,46610
SkyWest Airlines,2007-02-01,6.605857562269154,42236
SkyWest Airlines,2007-03-01,3.8744003577526627,49196
SkyWest Airlines,2007-04-01,3.4120237087214225,47240
SkyWest Airlines,2007-05-01,3.7750559967420076,49110
SkyWest Airlines,2007-06-01,4.329005021908325,49981
SkyWest Airlines,2007-07-01,4.779328323876706,52168
SkyWest Airlines,2007-08-01,4.683351900455052,52961
SkyWest Airlines,2007-09-01,3.2359808731292308,48309
SkyWest Airlines,2007-10-01,3.5278753597300785,50385
SkyWest Airlines,2007-11-01,3.226761744966443,47680
SkyWest Airlines,2007-12-01,8.076244249268088,47820
Southwest Airlines,2003-06-01,1.183769852857161,78767
Southwest Airlines,2003-07-01,1.368435330530106,81097
Southwest Airlines,2003-08-01,1.2531626767014086,80786
Southwest Airlines,2003-09-01,0.8712151077764354,78635
Southwest Airlines,2003-10-01,1.0844203429576433,81876
Southwest Airlines,2003-11-01,1.0987049306726258,76521
Southwest Airlines,2003-12-01,1.3992576150884717,79743
Southwest Airlines,2004-01-01,1.3262021985217272,79417
Southwest Airlines,2004-02-01,1.3836397974975736,76246
Southwest Airlines,2004-03-01,1.4489763779527558,82550
Southwest Airlines,2004-04-01,1.5150554476536557,79805
Southwest Airlines,2004-05-01,1.6961442877881943,81282
Southwest Airlines,2004-06-01,2.0369693301547698,80959
Southwest Airlines,2004-07-01,1.9850022741962512,83546
Southwest Airlines,2004-08-01,1.7080675776046026,84821
Southwest Airlines,2004-09-01,1.025099437662872,80201
Southwest Airlines,2004-10-01,1.48451304010258,85007
Southwest Airlines,2004-11-01,1.4976675305442428,81030
Southwest Airlines,2004-12-01,2.515327083113873,85437
Southwest Airlines,2005-01-01,1.9540311846358622,84144
Southwest Airlines,2005-02-01,1.5446011203399652,77655
Southwest Airlines,2005-03-01,1.6969616756818966,86890
Southwest Airlines,2005-04-01,1.0607013961439833,84232
Southwest Airlines,2005-05-01,1.2253141421064657,87540
Southwest Airlines,2005-06-01,1.7543039985160624,86257
Southwest Airlines,2005-07-01,2.2438974661033266,88283
Southwest Airlines,2005-08-01,1.940239355170027,89574
Southwest Airlines,2005-09-01,1.3065813090822065,83570
Southwest Airlines,2005-10-01,1.588636598559763,87069
Southwest Airlines,2005-11-01,1.4897560743324485,84001
Southwest Airlines,2005-12-01,2.045173745173745,88060
Southwest Airlines,2006-01-01,1.4358208955223881,89445
Southwest Airlines,2006-02-01,2.008150601445439,81221
Southwest Airlines,2006-03-01,1.8948323549025397,91473
Southwest Airlines,2006-04-01,1.822184551053851,88485
Southwest Airlines,2006-05-01,1.7494058391295815,91726
Southwest Airlines,2006-06-01,2.5774331136099264,90265
Southwest Airlines,2006-07-01,2.20597146417981,93076
Southwest Airlines,2006-08-01,1.7780105483677402,94991
Southwest Airlines,2006-09-01,1.3014315426143908,90392
Southwest Airlines,2006-10-01,1.4854774396642183,95300
Southwest Airlines,2006-11-01,1.443227627719988,91039
Southwest Airlines,2006-12-01,2.3607474423658252,92957
Southwest Airlines,2007-01-01,1.4217697861499592,94599
Southwest Airlines,2007-02-01,2.0605023773847586,84757
Southwest Airlines,2007-03-01,1.8045913000433143,96966
Southwest Airlines,2007-04-01,1.6313047299205925,95583
Southwest Airlines,2007-05-01,1.479007652983444,98393
Southwest Airlines,2007-06-01,2.3848654824971436,96270
Southwest Airlines,2007-07-01,2.351795763736868,100041
Southwest Airlines,2007-08-01,2.195396505376344,101184
Southwest Airlines,2007-09-01,1.2346979166666667,96000
Southwest Airlines,2007-10-01,1.3734930091673185,99702
Southwest Airlines,2007-11-01,1.323421718470368,97226
Southwest Airlines,2007-12-01,2.501624947787728,98157
US Airways,2003-06-01,1.9630085590338844,34116
US Airways,2003-07-01,2.393782837127846,34260
US Airways,2003-08-01,2.551824517039607,34009
US Airways,2003-09-01,1.0939777882058501,31965
US Airways,2003-10-01,1.0164090163226531,34737
US Airways,2003-11-01,1.0446773803769938,33104
US Airways,2003-12-01,1.7740173376083601,33684
US Airways,2004-01-01,1.6856644802930922,33846
US Airways,2004-02-01,1.4001706754322196,31639
US Airways,2004-03-01,1.357868094999853,33979
US Airways,2004-04-01,1.5653768678031328,33261
US Airways,2004-05-01,1.4863532523746543,33268
US Airways,2004-06-01,2.3397943755669792,33070
US Airways,2004-07-01,2.6014230724367198,34292
US Airways,2004-08-01,3.114601958280119,35235
US Airways,2004-09-01,1.924638698730326,34182
US Airways,2004-10-01,2.0814139049949465,37598
US Airways,2004-11-01,2.3713717584026073,36209
US Airways,2004-12-01,4.463444654139657,36561
US Airways,2005-01-01,3.5068892125014,35708
US Airways,2005-02-01,3.3453767462948796,35289
US Airways,2005-03-01,4.151968801107057,39745
US Airways,2005-04-01,2.34768177028451,37960
US Airways,2005-05-01,1.5979816757402736,37655
US Airways,2005-06-01,3.195020746887967,35909
US Airways,2005-07-01,3.909384752563531,35888
US Airways,2005-08-01,2.359184577886107,36104
US Airways,2005-09-01,1.260585402464194,31978
US Airways,2005-10-01,1.7331229503124808,32322
US Airways,2005-11-01,1.6043777194672335,30107
US Airways,2005-12-01,2.3736587418472546,28518
US Airways,2006-01-01,2.0890353177227023,43859
US Airways,2006-02-01,2.32855622192798,38517
US Airways,2006-03-01,2.161690243182489,44041
US Airways,2006-04-01,2.439731607955907,41730
US Airways,2006-05-01,2.3308444780492414,42322
US Airways,2006-06-01,3.7445071881241834,40553
US Airways,2006-07-01,3.9950622636510347,41517
US Airways,2006-08-01,3.2103346503546435,42014
US Airways,2006-09-01,2.520500743678731,40340
US Airways,2006-10-01,2.548891140911126,42431
US Airways,2006-11-01,2.63312167749557,40632
US Airways,2006-12-01,3.8770814703820964,41377
US Airways,2007-01-01,3.1935740455071344,41488
US Airways,2007-02-01,5.337103266971548,36517
US Airways,2007-03-01,7.07405007080963,41661
US Airways,2007-04-01,5.024800686863731,40765
US Airways,2007-05-01,4.060927502766152,41574
US Airways,2007-06-01,6.133898434129381,39403
US Airways,2007-07-01,5.045745877978375,40878
US Airways,2007-08-01,4.225394477317554,40560
US Airways,2007-09-01,2.7304693757676084,37454
US Airways,2007-10-01,2.9094022259152945,39714
US Airways,2007-11-01,2.4471551134270224,37998
US Airways,2007-12-01,3.0210687657496167,38493
United Airlines,2003-06-01,1.7956623050725937,44632
United Airlines,2003-07-01,2.2941288439575316,47282
United Airlines,2003-08-01,2.331396466642456,46811
United Airlines,2003-09-01,1.1970493082165063,43583
United Airlines,2003-10-01,1.4649111286227126,45684
United Airlines,2003-11-01,2.148372253537329,43465
United Airlines,2003-12-01,2.7216720708088684,45644
United Airlines,2004-01-01,3.1706777996070725,44792
United Airlines,2004-02-01,1.7773764841961146,42363
United Airlines,2004-03-01,1.9118659479119309,46191
United Airlines,2004-04-01,1.445079407269586,45147
United Airlines,2004-05-01,2.8695463047544476,45978
United Airlines,2004-06-01,2.899541537547226,47114
United Airlines,2004-07-01,2.83035224850269,49255
United Airlines,2004-08-01,2.493213210818999,50171
United Airlines,2004-09-01,1.4238691348159986,45054
United Airlines,2004-10-01,1.773752841762107,46626
United Airlines,2004-11-01,2.069962315380474,42723
United Airlines,2004-12-01,3.633751425313569,43850
United Airlines,2005-01-01,4.549530114805723,40329
United Airlines,2005-02-01,2.5682612820165334,36895
United Airlines,2005-03-01,2.894757675465723,40421
United Airlines,2005-04-01,1.926377491207503,38385
United Airlines,2005-05-01,2.790599132834056,40592
United Airlines,2005-06-01,4.6008805560365085,40429
United Airlines,2005-07-01,4.432294549392371,41555
United Airlines,2005-08-01,2.8660046644706787,41591
United Airlines,2005-09-01,2.260346992644986,39021
United Airlines,2005-10-01,2.4434083601286174,40430
United Airlines,2005-11-01,2.444771349582773,39427
United Airlines,2005-12-01,5.427059955113818,40547
United Airlines,2006-01-01,3.9039190897597975,39550
United Airlines,2006-02-01,3.1610075484970643,36961
United Airlines,2006-03-01,3.9331178934769597,41775
United Airlines,2006-04-01,3.2345050304310026,40255
United Airlines,2006-05-01,3.3765207247101396,42003
United Airlines,2006-06-01,4.178937715678467,41439
United Airlines,2006-07-01,4.247652969759872,42394
United Airlines,2006-08-01,2.9617985280588774,43480
United Airlines,2006-09-01,2.7673723536737236,40150
United Airlines,2006-10-01,2.7111793052192468,41711
United Airlines,2006-11-01,2.3992749484766467,40273
United Airlines,2006-12-01,3.5362125744739688,39779
United Airlines,2007-01-01,3.1592099761418697,40657
United Airlines,2007-02-01,4.574912016088486,35802
United Airlines,2007-03-01,3.4326517908446657,41768
United Airlines,2007-04-01,3.294754016064257,39840
United Airlines,2007-05-01,2.7446415552855408,41150
United Airlines,2007-06-01,4.816961060315404,40139
United Airlines,2007-07-01,4.22470775003608,41574
United Airlines,2007-08-01,4.446876414128183,41987
United Airlines,2007-09-01,2.7253378903215784,38622
United Airlines,2007-10-01,3.093581831646507,40510
United Airlines,2007-11-01,3.0872858336815714,38288
United Airlines,2007-12-01,6.727872588509646,37736
